id,zhh,zhh_pron,alias_zhh,alias_zhh_r18,chs,en,note_chs,note_en,variants_chs,variants_en,owner_tag,sig_code
L1,揼波鐘,dam1 bo1 zung1,揼時間；拖延時間​；捱時間；拖拖拉拉；磨时间,,拖延时间/耽误时间/磨洋工/拖拖拉拉,Delay/waste time/drag it out/drag things out/play for time/run down the clock/stonewall/slow walk/string someone along,形容词：磨洋工，不在积极，故意拖长时间，,"adj: Slow down and waste time",用法：无心工作，不上进的状态,usage: A lack of motivation and drive at work.,CanTong Lexicon 2025,1
L2,抌嘢,dam1 laap6 saap3,掟嘢；掉嘢,,扔东西/丢东西/丢/扔,Throwing things/throw/toss/chuck,动词：扔东西，往外扔，有力量,"v: Throwing things, throwing them outwards, has power.",用法：当你想用很洒脱去形容“扔”这个动作,"usage: When you want to describe the action of ""throwing"" as very carefree...",CanTong Lexicon 2025,2
L3,飛啲嘢埋嚟,fei1 go3 bo1 maai4 lai4,飛啲嘢過嚟；車埋嚟,,扔东西过来/丢东西过来,"toss it over here/throw it over here",动词：用很快速度扔了过来，已经进行中，在空中,"v: It was thrown over at high speed; it was already in progress, in the air.",用法：当你想用很快的速度去形容“扔”这个动作,"usage: When you want to describe the action of ""throwing"" as very fast...",CanTong Lexicon 2025,3
L4,𢫨,ung2,㧬；擁；Ong,,推/Ong,push,动词：推动 吴卓羲标志名言“唔好ong”，不要推的意思,"v: The meaning of ""push""",用法：在推动，被推，推某些东西特指”推“这个字或者动作,"usage: In the context of pushing, being pushed, or pushing something, the word ""push"" or the action of pushing is specifically used.",CanTong Lexicon 2025,4
L5,走鬼,zau2 gwai2,摆檔；摆檔攤；走鬼檔；推車仔；做走鬼；擺街；街檔,,摆摊/路边摊/流动贩卖/走鬼摊,stand/set up,名词：路边摊、特指摆摊的行为 ,"n: Street, specifically referring to the act of setting up a stall.   v: to move a vehicle by applying force backward.",用法：无牌经营，可移动跑路的，有着逃跑危机属性,"usage: Describing a business operating without a license, capable of moving and disappearing, and possessing the attributes of an escape crisis.",CanTong Lexicon 2025,5
L6,死雞撑飯蓋,sei2 gai1 caang3 faan6 goi3,死頂；唔认输；死撑；死要面,,不服输/明知错不认/不认错,The dead chicken forcing thelid of the rice pot open,歇后语：不服输，明知自己错了，但为了面子都要装没事、不认错，给人看穿了都不认。,chinese proverb: To refuse toadmit one's mistake evenwhen it is obvious,用法：而「死鸡撑饭盖」就是指明知自己做错了，也仍要死撑下去，目的只是为了一个下台阶，可惜每次都会被人拆穿谎言。,"usage: The idiom ""a dead chicken trying to hold up a rice lid"" means that even though you know you've done something wrong, you still stubbornly insist on doing it, just to save face. Unfortunately, your lies are always exposed.",CanTong Lexicon 2025,6
L7,𠮩𠹌,liu1 lang1,𠵇𠺫；撩棱；捞绞；刁​鑽；泶嫪,,冷门/刁钻/怪异/不常见/另类,uncommon/rare and strange/niche/raretricky/complicated/difficult/similar to,形容词：麻烦复杂难搞，刁钻，奇怪,adj: Rare and strange,用法：形容刁钻，奇怪癖好,usage: Describing someone as cunning or having strange quirks.,CanTong Lexicon 2025,7
L8,噉, gam2 ,噉樣；噉點？,,这样/那样/那,like this/such/in this way/like/in the manner of/to to certain level,代词：具体的方式、那样；描述事件、动作的状态,"pron: The specific method, that way; describing the state of events and actions.",用法：这样+adj/adv；摆在形容词前面,"usage: This way, add adj/adv;Placed before the adj",CanTong Lexicon 2025,8
L9,咁, gam3,咁犀利；咁劲,,这么/那么,like this/so/to such an extent/this/in this manner/like/seems/well/then/that,代词：表达一个程度,"pron: Rxpressing a degree, modifying adjectives or verbs.",用法：这么+adj/v；摆在形容词动词前面,usage: So + adj/v; placed before adj and v,CanTong Lexicon 2025,9
L10,點樣,dim2 joeng2,點；點樣樣；點鬼樣,,怎么样/如何/怎样,how/what way/what's with it/what's up/how's it like/what is it like,代词：指​一樣​事情的做法​、​行动的方式,"pron: Usually added in front of a verb to ask how something is / should be done) how to; what",用法：寻求解决方案，对事情没有发展方向可用,"usage: Seeking solutions, but having no direction for how things are going.",CanTong Lexicon 2025,10
L11,緊要,gan2 jiu3,要緊；关键；交關,,要紧/重要/夸张,crucial/important/vital/exaggerate/critical,形容词：意义或价值重大，非常之值得或需要注意，甚至不能够缺乏；可以造成深远影响,"adj: It is of great significance or value, extremely worthy of attention, and even indispensable; it can have a profound impact.",用法：1，事情很重要要求快点解决要重视。2，形容一件事情太夸张了你给出的反应。,"usage: 1. The matter is very important and needs to be resolved quickly it deserves our attention.
2. Your reaction to describing something as an exaggeration.",CanTong Lexicon 2025,11
L12,咁上下,gam3 soeng6 haa2,差唔多；左右；係咁上下,,达到一定水平/差不多/大致上/普普通通/大差不差/接近了/一般般,that's about it/pretty much/same difference/not faroff/a little bit/approximate/insignificant/unassuming/ordinary and mediocre/approximately/so-so,副词：达到一定水平，还差一点就完美，差不多,adv: To describe something that reaches a certain standard or level,用法：将就一下，差不多也就这样的意思,"usage: This is about right, just make do.",CanTong Lexicon 2025,12
L13,咁大隻蛤乸隨街跳,gam3 daai6 zek3 gaap3 naa2 ceoi4 gaai1 tiu3,咁抵？；坚唔坚吖？；咁好死？；咁着數？,,沒有免費的午餐/天上不会掉馅饼,too good to be true/It's not that simple/something too good to be true/There is no free lunch,（俗語）一些巨大的利益诱惑随处可得，背后往往隐藏意想不到的陷阱,"(Proverb) While enormous profits are readily available, they often conceal unexpected traps.",用法：遇到不合理的情况，无法想象是真的，对此描述,"usage: Encountering unreasonable situations, it's unimaginable that they are real,this description...",CanTong Lexicon 2025,13
L14,咁啱得咁蹺, gam3 ngaam1 dak1 gam3 kiu2,咁啱；咁橋；咁錯蕩；啱啱遇著剛剛,,真巧合/这么巧呀/不谋而合/湊巧/说多巧有多巧/巧合/这么巧,coincide/coincidentally/fortuitously/by chance,副词：没刻意去做，偶尔发生,"adv: I didn't do it intentionally, it just happened occasionally.",用法：遇到巧合的情况，对此描述,"usage: In cases of coincidence, describe this.",CanTong Lexicon 2025,14
L15,咁多人死唔見你死,gam3 do1 jan4 sei2 m4 gin3 nei5 sei2 ,走開啦；行開啦；死開啦,,应该死的不去死/该死不死/这么多人死为什么你不去死,"damn it, yet still alive/So many people are dying, why don't you die/why don't you die when there's so much death",（俗語）用来骂人，暗指对方应该去死,"(Proverb) An insulting expression indirectly depicting one should be dead, ""still with us?""; literally: so many people have died, but I don't see you dying",用法：对对方恨之入骨，向对方消失却还活着,"usage: Used to describe someone who hates another person to the core, disappears from their life but still lives.",CanTong Lexicon 2025,15
L16,咁近城隍廟都唔求支好籤,gam3 kan5 sing4 wong4 miu2 dou1 m4 kau4 zi1 hou2 cim1,唔識把握機會,,不会把握机会,to fail to take advantage of an opportunity,歇后语：大神在旁边不会把握机会,chinese proverb: to fail to take advantage of an opportunity,用法：形容有捷径不走偏要辛苦自己,"usage: It describes the situation where there are shortcuts, but instead of taking the wrong path, one has to work hard.",CanTong Lexicon 2025,16
L17,盟塞,mang4 sak1,㒼塞；食古不化；咁大個都唔化；點唔明；講唔通；硬頸；萌塞；盲塞；墨守成規；冥頑不靈,,思想不开通/吃古不化,narrow minded/conservatives/fuddy duddy/dogged/stubborn/obstinate,形容词：今浙江谓物无窍六为䓣不会泄气亦目䓣,adj: So old-fashioned,用法：封闭不开窍，不通不化的老古板,"usage: Describing someone as closed-minded, uninformed, and old-fashioned.",CanTong Lexicon 2025,17
L18,失覺曬,sat1 gok3 saai3,唔好意思；失禮曬；唔该,,不好意思/失礼了,so sorry/Excuse me,动词；谦虚时说的话；冒犯之后使用,v: Phrases used when being humble; Phrases used after an offense,用法：礼貌致歉，等于不好意思,"usage: Used to politely apologize, equivalent to feeling embarrassed.",CanTong Lexicon 2025,18
L19,猛龍過江,maang5 lung4 gwo3 gong1,過江龍；捞过界,,有能力到外/有本身到外/异地发展/在外地拼搏/在外地谋生/有本事的到外发展/比喻有才专华有才能的人才敢想敢拼,ability to go to other places,形容词：象征有实力或魄力的人跨地域闯荡,adj: It symbolizes a person with strength or courage who ventures across regions.,用法：指有能力、有本事到外地去开创事业或参与竞争的人,usage: This describes someone who has the ability and skill to start a business or compete in other places.,CanTong Lexicon 2025,19
L20,點賣,diǎn mài,幾錢；幾多錢；點計數；點計；幾蚊啊,,怎么卖/多少钱/怎么算,how much,"名词：多少钱，怎么算",v: how mach？,用法：一般结账的时候可以询问,usage: You can usually ask when checking out.,CanTong Lexicon 2025,20
L21,點不知,dim2 bat1 zi1,出乎意料；誰不知；估唔到；點估到；點知；冇諗到；諗唔到,,谁知道/哪知道/谁想到/没想到/怎麼知道/如何得知/不料/谁知/谁料到/没想到/谁想到/竟然,unexpectedly/but/Who knows,疑问代词、副词：意思是实际情况超出预先的估计或猜测,"pron,adv: This means that the actual situation exceeded prior estimates or guesses.",用法：原本还表示要竞选到底的他，后来却出乎意料地宣布退选。,"usage: He had originally declared his intention to run to the end, but unexpectedly announced his withdrawal from the race.",CanTong Lexicon 2025,21
L22,點收科,dim2 sau1 fo1,點算好；點好；點搞,,怎么收场/怎么样才好/怎么救场/如何力挽狂澜,How to save the day/How to end it,形容词：形容安排出错，不可以好好地结束。,adj: It describes a situation where things went wrong and the situation couldn't be resolved properly.,用法：怎么收场，怎么圆场,"usage: How to end this, how to smooth things over",CanTong Lexicon 2025,22
L23,呃,ak1,搵笨；老點；坤；水；滚；講大話；搵笨柒,,骗/欺骗/隐瞒/诈骗,cheat/to cheat/to trick/trick/deceive/lie/cheat/to swindle,动词：欺骗他人，这是最常见的用法，指通过说谎、隐瞒真相或误导他人来达到自己的目的，使对方蒙受损失。,"v: Deceiving others: This is the most common usage, referring to achieving one's own goals by lying, concealing the truth, or misleading others, causing them to suffer losses.",用法：被骗，或者在骗人的时候可以使用,"usage: This can be used to describe being deceived, or when deceiving others.",CanTong Lexicon 2025,23
L24,點止,dim2 zi2,唔指；唔淨指；边止；何止；不止,,不止/何止/哪儿止/哪止,not only/incessantly/without end,动词：用于数量或范围超出，侧重递进关系,"v: Used to indicate an excess in quantity or scope, emphasizing a progressive relationship.",用法：不止这么多，不只是这样，而且还那样,"usage: Not just this much，not just this, but also that.",CanTong Lexicon 2025,24
L25,點講都好,dim2 gong2 dou1 hou2,無論如何；點都好,,无论怎么说/不管怎么说/不管怎么样/无论如何/总之,No matter what/whatever/in any case/For better or for worse,连词：表示无论情况如何，结果都一样。它和“无论如何”意思相近,"conj: Indicates that the outcome is the same regardless of the circumstances. It is similar in meaning to ""no matter what"".","用法：转折语气，可以用在句子的开头，表示接下來要说的內容，无论如何都會是如此。表示无可奈何：有時帶有无奈或无力感，说明即使换说法，情況也不會改变。強调结论不变：表示不管从哪个角度、用什么理由来说，最终的结果都是一样的。","usage: A contrastive tone: can be used at the beginning of a sentence to indicate that what follows will remain the same regardless. Expressing helplessness: sometimes carries a sense of resignation or powerlessness, indicating that even if the wording is changed, the situation will not change. Emphasizing an unchanging conclusion: indicating that no matter the angle or reasoning, the final result is the same.",CanTong Lexicon 2025,25
L26,點餸 ,dim2 sung3,"點菜；點餐；點嘢；落單；寫嘢；嗌嘢",,点菜/点餐,to order/order,动词：餐厅点菜,v: to order food at a restaurant,用法：在餐馆知道自己要吃什么然后就要叫服务员过来可以喊,"usage: Once you know what you want to eat at the restaurant, you can call the waiter over.",CanTong Lexicon 2025,26
L27,點係啊,dim2 hai6 aa3,點好意思啊；太客氣啦,,太客气了/怎么好意思呢/太客气,too kind,副词、形容词和语气助：太客气了，怎么好意思呢，让你破费了，感觉不好意思,"adv,adj,particle: too kind",用法：通常用來感激对方为你做的一切，时候可以这样回应，有着感叹的语气,"usage: It's usually used to express gratitude for everything someone has done for you,sometimes you can respond like this with an exclamation in your voice.",CanTong Lexicon 2025,27
L28,點心車,dim2 sam1 ce1,推車點心；糕点車,,点心车/小食车,dim sum cart,名词：点心车/小食车，茶楼的文化遗产,"n: Dim Sum Cart/Snack Cart, cultural heritage of teahouses",早期在茶楼中，服务员推着点心车在座位间巡迴，展示各式点心供顾客挑选,"usage: In the early days of teahouses, waiters would push dim sum carts around the tables, displaying a variety of dim sum for customers to choose from.",CanTong Lexicon 2025,28
L29,點錯相,dim2 co3 soeng3,認錯人,,认错人/找错人,mistaken identity/wrong target,动词：找错目标人物,"v: to pick out the wrong person for (usually for something bad, such as for revenge) [colloquial]",用法：用于形容追债的人认错人打错人,usage: This phrase is generally used to describe someone who is chasing a debtor but has mistaken the person for someone else and has attacked the wrong person.,CanTong Lexicon 2025,29
L30,點樣去？,dim2 joeng2 heoi3,點去？；點樣行？；點行？,,怎么去/怎样去/怎么走,how to get there,疑问代词：用于询问到达某个地方的方法或路线,pron: Used to ask how to get to a place or the route.,用法：它的基本用法是问“如何”前往某处，通常是在旅行、问路或安排行程时使用。,"usage: Its basic usage is to ask ""how"" to get to a place, usually when traveling, asking for directions, or planning an itinerary.",CanTong Lexicon 2025,30
L31,點到即止,dim2 dou3 zik1 zi2,點到為止；停喺呢度；就咁先啦；到此為止；適可而止,,点到为止；适可而止,Stop here/know when to stop/leave it at that/let’s leave it there/that’s enough / that’ll do,动词：一是用于武术比赛或競技，指點到即停止，不以伤人为目的。二是比喻说话或做事，只說到关键处就停下，不把事情全部说开。 ,"v: First, it's used in martial arts competitions or contests to indicate when to stop after providing guidance, without intending to harm anyone. Second, it's used metaphorically to describe speaking or acting by stopping at the crucial point, without revealing the whole story.",用法：1，比试競技時的 。2，比喻说话的,"usage: 1, In competitions or contests  2, Metaphorically, in speech.",CanTong Lexicon 2025,31
L32,點睇,dim2 tai2,有咩諗法；有何睇法,,有何看法/有什么看法/有什么想法/怎么样/怎么看,how do you see this/What do you think/What’s your opinion/How do you feel/What are your thoughts/Any thoughts/What do you reckon/How do you see it/How is it/How does it look/How does that soun/Is that okay with you,疑问代词：用于询问向他人咨询意見,pron: Mainly used to solicit opinions from others,"用法：核心功能， 咨询意見，例如讨论方案、评价事物等。","usage: Core function: Seeking advice.  Context: Suitable for everyday conversations, such as discussing plans or evaluating things.",CanTong Lexicon 2025,32
L33,點解,dim2 gaai2,何解；乜解究；因乜解究,,什么原因/原因是什么/为什么,how to explain/how come/why,疑问代词：可以直接放在疑问句中询问原因，表达更強烈或反问的语气,"pron: You can place it directly in a question to inquire about the reason, expressing a stronger or rhetorical tone.",用法：询问原因，直接在疑問句中使用，询问某件事情發生或存在的理由。,usage: Asking for reasons: Used directly in interrogative sentences to ask for the reason why something happened or exists.,CanTong Lexicon 2025,33
L34,點話點好,dim2 waa6 dim2 hou2,隨你意思；你想點都得；點都得；你話咩就咩；你話乜就咩；你話事,,怎么都可以/怎样说都可以/怎么说就怎么办/你说什么就什么/说什么就什么/听你的,up to you/as you wish/whatever you say/it`s your call/you`re the boss,感叹/状语短语：随你意思，表示自己都可以,"Exclamatory/adverbial phrases: ""up to you""; ""as you wish""; ""whatever you say""",用法：表示对某件事沒有特別的想法，听从別人的意见或安排。,usage: It is used to indicate that one has no particular opinion on a matter and listens to the opinions or arrangements of others.,CanTong Lexicon 2025,34
L35,點頭之交,dim2 tau4 zi1 gaau1,泛泛之交；普通朋友,,普通朋友/没什么交集/泛泛之交,common friend / people with little interaction / casual acquaintances,形容词：不是很熟的朋友，交情非常浅薄的人际关系，见面時只会点头打招呼，彼此並不熟悉,"adj: A not very close friend; a very superficial relationship where people only nod and greet each other when they meet, and are not familiar with each other.",用法：形容一段关系不是很深交，甚至没有联系方式的关系,"usage: Describing a relationship that is not very close, or even one where there is no way to contact each other.",CanTong Lexicon 2025,35
L36,點紅點綠,dim2 hung4 dim2 luk6,指點江山,,存心误导人/忽悠,to mislead someone deliberately,动词：（俗语）繁忙路口，交通灯变换颜色，指引着行人与车辆的有序前行而这句在粤语里，可描述人一会儿叫你这样一会儿叫你那样,"v: (proverb) At a busy intersection, traffic lights change colors to guide pedestrians and vehicles in an orderly manner. In Cantonese, this phrase can describe someone calling you this one minute and that the next.",用法：给人感觉存心误导導人，可以特指行为也可以特指事件,usage: The feeling that someone is intentionally misleading can refer to either a specific behavior or a specific event.,CanTong Lexicon 2025,36
L37,想點,soeng2 dim2,諗住點；想點樣；想點閪樣；想點撚樣；點啊,,想怎么样/想怎样,What do you want/How do you want,动词：想怎么样/想怎样；询问他人,v: What do you want/How do you want；Ask others,用法：询问别人的想法，想怎么样，又或者是不耐烦的时候可用,"usage: It can be used to ask for other people's thoughts, what they want, or when you are impatient.",CanTong Lexicon 2025,37
L38,擗埋一二邊,pet6 maai4 jat1 ji6 bin6,擗埋一邊；放埋一邊；放埋一二邊,,放在一边/丢在一边/扔在一边,set it aside/throw it aside/chuck it to one side/put it aside/toss it aside/shelve it aside,动词：暂缓/搁置，比较随手；有方向性，复数表示本来也有,"v: Postponing/shelving is more flexible.；It has directionality, and complex numbers inherently also have this.",用法：人或事推到一边，不让它参与或发生,"usage: Push people or things aside, prevent them from participating or happening.",CanTong Lexicon 2025,38
L39,抌埋一二邊,dam1 maai4 jat1 ji6 bin6,揼埋一邊,,甩在一边,cast it aside/brush it aside,动词：果断抛弃/摒弃，置之不理；有方向性，复数表示本来也有,"v: Decisively discard/abandon, ignore；It has directionality, and complex numbers inherently also have this.",用法：人或事推到一边，不让它参与或发生，特指甩这个动作,"usage: To push a person or thing aside, preventing it from participating or happening, specifically refers to the action of ""shoving"" or ""abandoning"".",CanTong Lexicon 2025,39
L40,擗一二邊,pet6 jat1 ji6 bin6,擗一邊；放一二邊；放一邊,,扔一边/丢一边/放一边,set it /throw it /toss it ,动词：暂缓/搁置，比较随手；命令但还没做,v: Postponing/shelving is more casual; it's an order that hasn't been given yet.,用法：人或事推一边，不让它参与或发生,"usage: Push people or things aside and prevent them from participating or happening.",CanTong Lexicon 2025,40
L41,抌一二邊,dam1 jat1 ji6 bin6,抌一邊；抌低,,甩一边,cast it ,动词：果断抛弃/摒弃，置之不理；命令但还没做,"v: In colloquial speech, it means to take something out and throw it away; its original meaning is the sound of an object falling.",用法：人或事推一边，不让它参与或发生，特指甩这个动作,"usage: To push people or things aside, preventing them from participating or happening, specifically refers to the action of ""dismissing"" or ""abandoning"".",CanTong Lexicon 2025,41
L42,抌垃圾,dam1 laap6 saap3,掉垃圾；抛垃圾,,丢垃圾/倒垃圾/扔垃圾,throw out thegarbage/throw out trash/take out the thegarbage/take out the trash/put out the thegarbage/put out the trash/litter/dump,动词：地道说法，特征要带出去扔掉的意思，本意是物件跌落的声音,"v: A local expression, a characteristic that needs to be taken out and discarded.",用法：扔垃圾固定用的,usage: Regularly used for throwing away garbage,CanTong Lexicon 2025,42
L43,掟煲,deng3 bou1,分手,,分手,separate,动词：（俚语）形容情侣分手，字面意思是“摔锅”。这个词源于情侣吵架时摔碎锅碗等厨具，引申为关系的破裂，象征着关系结束。 ,"v: (slang)used to describe a couple breaking up; literally means ""smashing pots and pans."" This term originates from the custom of couples smashing pots, pans, and other kitchen utensils during an argument, and is used metaphorically to describe a breakdown in the relationship, symbolizing its end.",用法：分手的意思,usage: The meaning of breaking up,CanTong Lexicon 2025,43
L44,抌咗佢,dam1 zo2  keoi5,掉咗佢；倒咗佢；,,倒掉它/扔掉它/丢掉它,throw it away/discard it/Pour it out/throw away/toss out/deep six,动词：倒掉/扔掉/丢掉 单数,v: Pour out/throw away/discard (singular),用法：指定事物需要扔掉的时候可以用,usage: You can use it when you specify something that needs to be discarded.,CanTong Lexicon 2025,44
L45,弹開,daan6 hoi,行開；死開；走開；躝開；躝屍趷路；死埋一邊；躝；过主；趷開,,走开/起开/滚,get out of here/fuck off/get lost/get out of here/beat it,动词：一般对人，在你厌倦或者讨厌那个人向他/她消失,"v: Generally speaking, when you get tired of or dislike someone, you disappear from their life.",用法：在你愤怒十分嫌弃骚扰你的人，可以对他说,"usage: When you are angry and disgusted by the person harassing you, you can say to him/her...",CanTong Lexicon 2025,45
L46,揼咗啲嘢佢,dam1 zo2 di1 je5 keoi5,掉咗啲嘢佢；倒咗啲嘢佢,,把它们都倒掉/把它们都扔掉/把它们都丢掉,Pour them all out / Throw them all away / Discard them all/deep six,动词：倒掉/扔掉/丢掉 复数,v: Pour out/throw away/discard (plural),用法：两个以上事物需要扔掉的时候可以用,"usage: When two or more items need to be thrown away, you can use",CanTong Lexicon 2025,46
L47,躝街,laan1 gaai1,出街；哨街；逛街；出门；去街,,逛街/逛街去/出门,shop/Shopping/ Going shopping/Going out,动词：带有无所事事的感觉,v: With a feeling of having nothing to do,用法：形容出去闲逛，到处走走的意思,usage: Generally describes going out for a stroll or wandering around.,CanTong Lexicon 2025,47
L48,撻落地下,daat3 lok6 dei6 haa5,撻啲嘢落地下,,重重甩在地下/摔在地下,thrown heavily to the ground/slammed to the ground/hurl/fling/slam down,动词：重重甩/摔在地下；表示很痛,v: Thrown or slammed to the ground; indicates great pain.,用法：很用力或者很快的摔下来，地面是最终位置,"usage: To describe a fall that is forceful or rapid, the ground is the final location.",CanTong Lexicon 2025,48
L49,飛啲嘢過嚟,fei1 deoi3 to1 haai2 gwo3 lai4,飛啲嘢埋嚟,,快速扔东西过来,Throw something over very quickly,动词：用很快速度扔一些东西过来,v: Throw something over very quickly,用法：对方把物品移动到说话者附近，而且带有速度,usage: The other party moved the item near the speaker with speed.,CanTong Lexicon 2025,49
L50,揼春 ,dam2 ceon1,抌心；抌心口；揼袋；后悔；趸春（抌膥 ）；呻笨 ；呻笨柒；蝕​底​,,后悔莫及/极度失望/扎心/后悔,throw something over very quickly/too late to regret/Heartbreaking/to regret,形容词：原意是捶到那个卵好痛，又不好说话。暗义吃亏了自己忍不敢出声！,"adj: The original meaning was that it hurt so much to be hit on the testicles, but it was too painful to say anything. The implied meaning was that the person suffered a loss but dared not utter a sound!",用法：后悔莫及这个状态,usage: Describing the state of being filled with deep regret,CanTong Lexicon 2025,50
L51,包剪𢱕,baau1 zin2 dap6,包𢱕；猜呈尋,,剪刀石头布/石头剪刀布,Rock Paper Scissors,名词：「石头、剪刀、布」游戏，规则是透过喊出口令（包剪𢱕）并在最后一个字（「揼」或「𢱕」）同時出示首饰來决定胜负。,"v: The game ""Rock, Paper, Scissors"" is played by calling out a command (such as ""scissors"") and revealing jewelry at the same time as the last word (""scissors"" or ""scissors"").",用法：当需要分出胜负最简单的方法就用这个游戏来分出胜负,"usage: When you need to determine a winner, the simplest way is to use this game.",CanTong Lexicon 2025,51
L52,𢱕骨,dap6 gwat1,𢱕背脊；按摩；馬殺雞,,捶背/按摩,Back massage/massage,名词：是透过按摩身体不同部位，令身体放松的行为,n: The act of relaxing the body by massaging different parts of the body.,用法：特指是背部按摩，也可以是按摩统称,"usage: Specifically refers to back massage, but can also be a general term for massage.",CanTong Lexicon 2025,52
L53,畀人𢱕,bei2 jan4 dap6,畀人毆,,给人打/给人揍/挨揍,Beat up,形容词：被别人或多人同时殴打,adj: Being beaten by one or more people at the same time,用法：是指对方或者自己，自己一般是事后的描述，对方的一般可以是进行中或者事后的描述，因为自己的话没时间解释,"usage: Generally, this refers to either the other party or oneself. One's own account is usually a description afterward, while the other party's account can be either during or after the event, because there's no time to explain one's own account.",CanTong Lexicon 2025,53
L54,𢱕佢镬甘嘅,dap6 keoi5 wok6 gam1 ge3,𢱕佢镬劲嘅,,狠狠地教训他一顿/狠狠地教训她一顿/给她点颜色看看/给他点颜色看看/给点颜色她看看/给点颜色他看看,Give her a good beating/Give him a good beating,形容词：给她/他点颜色看看，揍一顿厉害的,"adj: Show him/her what's what, give him/her a good beating.",用法：对对方十分愤怒，要报复对方，而且要出全力报复,"usage: They were extremely angry with the other party and wanted to take revenge, and they wanted to do everything in their power to do so.",CanTong Lexicon 2025,54
L55,抌功夫,dam1 gung1 fu1,抌功,,所需时间较长,It takes a long time,形容词：这里的可以理解为磨时间/磨精力去做一件事。,adj: This can be understood as wasting time/energy doing something.,用法：要完成，做完这件事需要的时间很久,usage: This describes something that needs a long time to complete.,CanTong Lexicon 2025,55
L56,抌低佢,dap6 dai1 keoi5,掉低佢；放低佢,,抛弃他/抛弃她/放下他/放下她,Abandon him/her,动词：抛弃，放下某人或事或物,"v: To abandon, to let go of someone, something, or a thing",用法：扔掉、捨棄明确目标的可用,usage: Discard or abandon available resources with clear objectives.,CanTong Lexicon 2025,56
L57,沙𦢊,saa1 buk1,吉士；膽生毛；沙膽；夠薑；未死過；死字唔識寫；作死；夠pok（夠𦢊）；沙pok；有種；膽大包天,,大胆/胆子大/不怕死,Bold/daring/fearless,形容词：同为俚语，胆上长毛，形容人胆大包天，含贬义。,"adj: Both are slang terms,""Hair growing on the gallbladder"" is a derogatory expression describing someone who is extremely audacious.",用法：勇敢无畏的人，大胆的，有勇气,"usage: Describing a brave and fearless person, bold and courageous.",CanTong Lexicon 2025,57
L58,點下,dim2 haa5 ,指點下；指教下,,指点一下/提点一下,Give him/her some pointers,动词：形容指点，指教一下某人,v: To point out or instruct someone,用法： 1是点击或者按一下，2是指点提点,"usage: There are two scenarios: 1,clicking or tapping, 2, pointing or prompting.",CanTong Lexicon 2025,58
L59,老點,lou5 dim2,呃；坤；騙；水,,欺骗/糊弄/瞎骗,to trick/to fool,动词：特指带领受害人入局,v: Specifically refers to leading victims into a trap.,用法：特指一种骗人的行为,usage: Specifically refers to a deceptive act.,CanTong Lexicon 2025,59
L60,呃鬼食豆腐,ngaak1 gwai2 sik6 dau6 fu6,车大炮；呃鬼食道符；呃鬼啦你,,当我是傻子/你当我好骗吗/欺骗,to lie to a ghost to eat tofu/do you think I'm easy to fool?/to fool,（俗语）显而易见的，不会有人信的谎言,(proverb) To deceive somebody using a poor excuse or lies that are easily seen through; lterally: to trick a ghost to eat bean curd,用法：特指一种骗人的行为，常在句子最后,"usage: It specifically refers to a deceptive act, and is often placed at the end of a sentence.",CanTong Lexicon 2025,60
L61,侧侧膊,zak1 zak1 bok3,"推卸責任；搏懵；得過且過",,推卸责任/蒙混过关/得过且过/偷懒,shirking responsibility,（俗语）形容蒙混过关，得过且过，推卸责任,(proverb) To shirk responsibilities and muddle through,用法：通常与(唔多觉)连用，(侧侧膊唔多觉)表示某人对待某事得过且过，还假装不当一回事，暗讽其没担当还脸皮厚。,usage: It is often used in conjunction with (唔多觉). (侧侧膊唔多觉) means that someone is indifferent to something and pretends not to care. It is an veiled criticism of someone who is irresponsible and shameless.,CanTong Lexicon 2025,61
L62,壽頭,sau6 tau4,"蠢材；低能仔；大番薯；人頭豬腦；烚熟狗頭；水鱼；傻仔；弱智",,蠢人/低能者/韭菜本尊/韭菜/傻子,blockhead/nitwit/fool/diot/silly person/a moron/moron/a nitwit,形容词：指昧于人情世故，易受愚弄欺骗的人,"adj: A blockhead, a dullard, a nitwit, a moron",用法：描述这个经常被骗的人，的一个称呼,usage: A nickname to describe this frequently scammed person,CanTong Lexicon 2025,62
L63,傻閪,so4 hai1,傻仔；傻佬；撲街仔；蒸生瓜；傻傻閪閪；傻鳩,,傻叼/愚蠢的人/sb/傻瓜/沙雕/傻叉/神经病,idiot/Stupid/tosser/fucking idiot/dumbass/asshole/asshole/piece of shit/stupid cunt/dumb cunt/twat/wanker/dickhead,形容词：通常用来骂女人的粗口、恶意辱骂；第二個字代表女性生殖器，这個詞可以不单单指对方有智力缺陷，也可以是对方面行为強烈不滿，但现在不单单指女性,"adj: Usually used to insult women with vulgar language and malicious abuse; the second word represents female genitalia. This term can refer not only to intellectual disability but also to strong dissatisfaction with someone's behavior, but nowadays it is not limited to women.",用法：骂人用的，愚蠢的人，​有藐视的意思​，甚至可以表达憎恨，厌恶，由于粗俗、污辱和帶有攻击性的含义，多数用于言语的侵犯和攻击,"usage: The word ""foolish"" carries connotations of contempt and can even express hatred and disgust. Due to its vulgarity, insult, and aggressive nature, it is mostly used in verbal attacks and assaults.",CanTong Lexicon 2025,63
L64,水鱼,seoi2 jyu2,老襯；俾人揾笨；契爷；壽頭；揾笨；揾笨柒；撚​樣；戆撚,,容易上当受骗的人/冤大头/割韭菜/韭菜/替罪羊/替罪羔羊,milking me dry/fleecing us/a patsy/a chump/soft shell turtle ,形容词：形容鳖有钱的傻瓜，容易上当受骗，轻易相信别人,adj: Describing a rich fool as someone easily deceived and readily trusting others.,用法：形容不醒目的人经常给人宰割,usage: Describing someone who is not perceptive and is often taken advantage of.,CanTong Lexicon 2025,64
L65,傻到閪噉,so4 dou2 hai1 gam2,傻到冇朋友；傻到笑；傻度驚；傻撚到哩,,笨到极致/傻到一个点/沙雕/傻叉,boneheaded ,形容词：不是一般的傻,"adj: Boneheaded,Not just stupid",用法：骂人用的，形容对方已经超越了人类对傻的理解,usage: To describe someone as having transcended human understanding of stupidity.,CanTong Lexicon 2025,65
L66,戇鳩,ngong6 gau1,戇直；戇居；戇居居；傻更更；傻傻更更；戇戇居居；傻傻地；懵盛盛；木契；柒下柒下；柒柒下,,呆萌/傻乎乎/呆呆的/沙雕/傻叉/傻里傻气,dunce/Stupid dick/dumbass/stupid/on9/dumb,形容词：不该硬的时候硬，浪费精力；形容不应该出风头的偏要说自己多牛逼,adj: Being assertive when you shouldn't is a waste of energy; it describes someone who insists on showing off when they shouldn't.,用法：骂人用的，评论人的一种状态，别人在局外人评价当事人行为,"usage: A state of mind for commentators，Others, as outsiders, evaluate the behavior of the parties involved.",CanTong Lexicon 2025,66
L67,懵撚,mung2 lan2,碌葛；懵炳；腦入水；反应迟钝；一嚿雲；一碌木；慢半拍；木嘴；薯头；薯仔；低低哋；傻傻哋；懵仔；番薯；霎憨,,呆瓜/糊里糊涂/反应迟钝/慢半拍/傻里傻气,One step behind/half a bit slower/obtuse/stupid cock,形容词：（俗語）用来形容人又笨又迟钝，同時带有粗俗的意味,"adj: (proverb) It is used to describe someone as stupid and slow-witted, and also carries a vulgar connotation.",用法：骂人用的，反应慢，描述一个人脑子转的慢可用,"usage: an insult, to describe someone as slow-witted or having a slow mind.",CanTong Lexicon 2025,67
L68,黐線,ci1 sin6,发神經；白痴；黐筋；黐孖筋；忽忽哋；腎腎哋；弱智；有病；癫；shortshort地,,神经病/发神经/白痴/弱智/有病,tool/mad/ridiculous/moron/crazy/insane/short,形容词：最初指电话线路因短路（电线纠缠在一起）而失灵的現象，后來引申为形容人言行异常、神经失常或荒谬,"adj: Originally referring to a telephone line malfunctioning due to a short circuit (the wires getting tangled), it later came to describe someone's abnormal behavior, mental instability, or absurdity.",用法：形容人说话或行为或事件怪异、不正常，帶有调侃或指责的意味,"usage: describe someone's speech, behavior, or events as strange or abnormal, often with a sarcastic or accusatory tone.",CanTong Lexicon 2025,68
L69,死蠢,sei2 ceon2,蠢材；大番薯；人頭豬腦；豬頭炳；茂利；笨柒；笨撚柒；柒頭；磨碌,,笨蛋/蠢货,dumb/imbecile,形容词：（俗語）极度愚蠢或迟钝,adj: (proverb) Extremely stupid or slow-witted,用法：责备或斥责,usage:  blame or reprimand,CanTong Lexicon 2025,69
L70,撲街仔,bok1 gaai1 zai2,反骨仔；二五仔；茂利；撲街；柒頭；柒頭皮；柒柒哋；撚樣；粉腸；攔坦,,死小子/孙子/臭小子/混蛋/王八蛋/反贼/反骨/讨厌的人,Bastard/Asshole/shithead,名词：（俗語）指摔倒在街上、死在路边无人收尸，常用于骂人，指明男性,"n: (proverb) Refers to someone falling down in the street and dying on the roadside, with no one to claim their body, often used as an insult, specifically referring to a male.",它的意思已经非常多样，可以表示倒霉、糟糕、失败，也可以用于自嘲，特指某人的称呼,"usage: Its meaning has become quite diverse, it can mean unlucky, terrible, or a failure, and it can also be used self-deprecatingly, specifically referring to someone.",CanTong Lexicon 2025,70
L71,撲街,bok1 gaai1 ,食屎；死你就去；大镬；趁地淋；仆街；屌閪喇,,去死吧/吃屎去/跌倒,Go to hell,形容词：（俗語）形容人或者事很糟糕， 动词：辱骂别人，叫人去死,"adj: (proverb) Describes a person or thing as terrible,    V: to insult someone, to tell someone to die.",用法：用于骂人，同时也可以形容事情的严重性,"usage: It is generally used as an insult, but it can also be used to describe the seriousness of a situation.",CanTong Lexicon 2025,71
L72,笨柒,ban6 cat1,龜缩；嘥料；柒轱辘,,浪费机会/蠢货/错失良机,dickhead/miss the boat/stupid/stupid prick,形容词：该硬的时候不硬，浪费机会；形容应该出风头时不出来,"adj: Failing to stand up when you should has wasted an opportunity, describes someone who doesn't step up when they should be in the limelight.",用法：评论人的一种状态，别人在局外人评价当事人行为,"usage: A state of mind for commentators，Others, as outsiders, evaluate the behavior of the parties involved.",CanTong Lexicon 2025,72
L73,乞人憎,haak1 jan4 zang1,非洲和尚；神憎鬼厌,,讨人厌/讨厌鬼/神憎鬼厌,jerk/disgusting,形容词：令人厌恶或憎恨的，令人作呕的，可怕的，糟糕的，令人愤慨的，字面意思：乞求人们憎恨,"adj: Loathed or hated by others; disgusting, terrible,awful, outrageous, literally: to beg people hate",用法：指某人或某事非常令人讨厌或惹人厌烦。,usage: It means that someone or something is very annoying or irritating.,CanTong Lexicon 2025,73
L74,樣衰,joeng2 seoi1,出丑；好瘀；肉酸；核突,,小丑/出洋相/难为情/丑/丑八怪/讨厌/愚蠢,clown/bad looking/bad face/ugly face/ugly/,形容词：表面意思是形容长得丑的人，可以形容事件出糗后，当事人的状态,"adj: Literally, it describes someone who is ugly, but it can also describe the state of mind of someone who has embarrassed themselves in an embarrassing situation.",用法：当进行事件最终失败时可以用，形容倒霉，同时也形容相貌,"usage: It can be used to describe bad luck when an event ultimately fails, and it can also describe an appearance.",CanTong Lexicon 2025,74
L75,垃圾,laap6 saap3,廢​物；冇用；廢柴,,失败者/废人/废物,Loser/garbage/rubbish/trash/junk,形容词：字面意思是没用的东西，同样可以形容人，一事无成,"adj: Literally means useless, and can also describe a person who is incompetent.",用法：用来骂人算是最大的侮辱,usage: Using it to insult someone is the greatest insult.,CanTong Lexicon 2025,75
L76,收爹,sau1 de1,收皮；收声,,闭嘴/住口,Shut up/shut your mouth,动词：意思是“闭嘴”或“别说话”,"v: Meaning ""to shut up"" or ""to stop talking"".",通常带有不满或轻视的语气，要求对方住嘴。,"usage: It usually carries a tone of dissatisfaction or contempt, demanding that the other party shut up.",CanTong Lexicon 2025,76
L77,屌你,diu2 nei5 ,屌柒你；屌鳩你,,去你的/操你,fuck you,动词：意思是想和你激烈性交，常用的低俗脏话,v: Meaning to want to have intense sexual intercourse with you; commonly used vulgar and obscene language.,用法：可以用来回应心中不想不忿，在你被人坑的时候，表达愤怒,"usage: It can be used to respond to feelings of resentment or anger, and to express anger when you've been cheated.",CanTong Lexicon 2025,77
L78,屌你老母,diu2 nei5 lou5 mou2,問候你娘親；屌你老味；屌那星；屌你鹵味；屌那妈,,草泥马/操你妈,fuck your mum,"动词：常见的“DLLM"",常用的脏话","v: Common ""DLLM"", frequently used swear word",用法：骂人，比较有攻擊性，类似于问候祖宗,"usage: It's used as an insult, and is quite offensive, similar to cursing someone's ancestors.",CanTong Lexicon 2025,78
L79,屌佢老母,diu2 keoi5 lou5 mou2,問候佢娘親；屌佢老味；屌那星；屌佢鹵味,,操他妈/操她妈,fuck her mum/fuck him mum,"动词：常见的“DLLM"",常用的脏话，只是换成第三人称","v: The common ""DLLM"", a frequently used swear word, just in the third person.",用法：骂人，比较有攻擊性，类似于问候祖宗,"usage: It's used as an insult, and is quite offensive, similar to cursing someone's ancestors.",CanTong Lexicon 2025,79
L80,屌到反艇,diu2 dou3 faan2 teng5,屌到你反艇；屌到你叫救命,,操到你爽,Fuck you until you're satisfied/intense sexual intercourse,形容词：激烈​地​性交，欲罢不能,adj: Intense sexual intercourse,用法：低俗的说法，形容我不会放过你,usage: A vulgar way of saying I won't let you go.,CanTong Lexicon 2025,80
L81,你真系搞笑,nei5 zan1 hai6 gaau2 siu3,你真系好好笑；你真系笑撚死我,,你就是个笑话,You're a joke,形容词：正要取笑人，怀疑对方智商,"adj: About to make fun of someone, doubting their intelligence",用法：正要反驳前的口头禅,usage: Common phrases before rebuttal,CanTong Lexicon 2025,81
L82,老閪,lou5 hai1,寸；串；招积；得戚；不可一世；鳩屎；得敕,,拽/得瑟/不管怎么样/嘚瑟,old cunt/old pussy/No matter what,形容词：形容一个人拽，没家教,adj: Describes someone as arrogant and ill-mannered.,用法：比喻​人嚣​张​，​好胜​，​喜欢争​第一​、​炫耀，有时候可以用于“怎么样都要”,"usage: This metaphor describes someone who is arrogant, competitive, and likes to be number one or show off. Sometimes it can be used to describe someone who ""wants to do whatever they want.""",CanTong Lexicon 2025,82
L83,俾人劏,bei2 jan4 tong1,劏死牛；食人唔𦧲骨；劏白鸽,,被人宰/割韭菜,Being ripped off,形容词：指拦路抢劫，打劫，被人强抢东西，又或者是被人割韭菜,"adj: Refers to highway robbery, being robbed, having one's belongings forcibly taken, or being exploited or taken advantage of.",用法：在毫无还手情况下，任由敌人宰割,"usage: Without any chance to fight back, they were at the mercy of the enemy.",CanTong Lexicon 2025,83
L84,老笠,lou5 lap1,打劫​；​搶​嘢；趁火打劫；𢱕冰,,打劫/抢劫,to rob,动词：（俗語）抢夺财物，指使用暴力或威胁等手段非法夺取他人财物的犯罪行为,v: (proverb) Robbery refers to the criminal act of illegally seizing another person's property by means of violence or threats.,用法：对他人财产权和人身安全的严重侵害，与盗窃不同的是，它通常包含暴力或威胁成分,"usage: A serious infringement upon another person's property rights and personal safety, unlike theft, usually involves violence or threats.",CanTong Lexicon 2025,84
L85,契爷,kai3 je4,義父；老契,,干爹/义父,godfather/ sugar dadd,名词：字面意思是干爹，现代被理解为有包养的成分,"n: Literally meaning ""godfather,"" but in modern usage it's understood to imply a form of financial support or being kept by a sugar daddy/sugar baby.",用法：指有钱男人包养一个或者多个女生或男生,usage: This generally refers to a wealthy man keeping one or more women or men as mistresses.,CanTong Lexicon 2025,85
L86,閪晒,hai1 saai3,奇啦；撲街；屌閪喇；碌柒；含撚；屌啊,,完了/该死的,Damn it,形容词：出大事了，粗俗特指严重性,"adj: Something serious has happened; vulgar, specifically indicating its severity.",用法：遇到大麻烦的时候感叹的时候,usage: When encountering big trouble and sighing,CanTong Lexicon 2025,86
L87,鳩噏,kau1 ap1,鳩噏当秘笈；鳩噏柒喷,,胡说/吹牛逼,bragging,形容词：谁便说说，说得好像是真的,adj: To say something as if it were true.,用法：形容在说废话,usage: Generally used to describe talking nonsense,CanTong Lexicon 2025,87
L88,醜樣,cau2 joeng2,樣衰；肉酸；難睇；唔順眼；樣鳩衰,,丑陋/丑八怪,Ugly,形容词：外貌不讨好、不吸引,"adj: Unappealing appearance, not attractive",用法：不好看，过不了自己的审美标准,"usage: It's not good-looking, it doesn't meet my own aesthetic standards.",CanTong Lexicon 2025,88
L89,核突,wat6 dat6,鶻突；肉鳩酸,,恶心,nausea,形容词：去到恶心的地步已经不单单是丑了,adj: It's reached such a disgusting level that it goes beyond just being ugly.,用法：看完后让人作呕发闷，反胃的生理状况,usage: It made me feel nauseous and suffocated.,CanTong Lexicon 2025,89
L90,烚熟狗頭,sab³ sug⁶ geo² teo⁴,烚下烚下；四万咁口,,傻笑的样子,silly grin,形容词：（俗语）形容人龇牙咧嘴笑的样子，又会指人笑得傻里傻气，傻笑，傻呼呼的,"adj: (proverb)It describes a person's wide, grinning smile, but can also imply that the smile looks silly, foolish, or goofy.",用法：一个人笑得很假，皮笑肉不笑，一副阿谀奉承的样子，,"usage: A person's smile is fake, a forced smile, and has an obsequious look.",CanTong Lexicon 2025,90
L91,認頭,jing6 tau4,認數；認領；認帳；一人做事一人當,,承认关系/认了,admit/own up to it/recognizethe/confess,动词：指不情愿地承认一些不好的事情,v: Refers to reluctantly admitting to something bad.,用法：承认或者接受的情况可用,usage: The circumstances under which recognition or acceptance is made are available.,CanTong Lexicon 2025,91
L92,認低威 ,jing6 dai1 wai1,認輸,,服输/甘拜下风,Admit defeat/Accept defeat,动词：坦率地承认错误或失败,v: To admit a mistake or defeat candidly,用法：承认自己处于下风而低声下气,usage: to lower one's ego; to admit inferiority,CanTong Lexicon 2025,92
L93,過山峰,gwo3 saan1 fung1,王蛇,,眼镜王蛇,King Cobra,名词：中华眼镜蛇​，​毒性強​，​​头部与颈部形狀​像飯饭勺​，​因而​得名,n: King Cobra,分布在东南亚及菲律宾和印度尼西亚的森林中,"usage: Distributed in the forests of Southeast Asia, the Philippines, and Indonesia.",CanTong Lexicon 2025,93
L94,飯鏟頭,faan6 caan2 tau4,眼睛蛇,,中华眼镜蛇,chinese cobra,名词：中华眼镜蛇​，​毒性強​，​​头部与颈部形狀​像飯饭勺​，​因而​得名,n: Chinese cobra,是眼鏡蛇科的一種，主要分布于中國南方及周边几个国家和地区。它是中国最常见的毒蛇之一,"usage: It is a species of cobra, mainly distributed in southern China and several surrounding countries and regions. It is one of the most common venomous snakes in China.",CanTong Lexicon 2025,94
L95,騎咧怪,ke4 le4 gwaai2,騎呢 （旖旎）；古怪；騎呢古怪；怪鸡；樣衰衰；樣樣衰衰；騎呢怪；卡啦蘇；騎呢蘇,,奇怪的人/奇葩/怪人/另类,weirdo/alternative,名词：（俗語）有一种青蛙叫“骑篱蝈”，这种娃外表十分奇怪叫成“騎呢怪”特指性格​、​行为古怪又不正常的人​,"n: (proverb) There's a type of frog called the ""fence-riding cricket,"" and a child with a very strange appearance is called a ""riding monster,"" specifically referring to someone with an odd or abnormal personality and behavior.",用法：形容性格也可以形容外表也可以形容姿态,"usage: It can describe personality, appearance, or posture.",CanTong Lexicon 2025,95
L96,騎呢 ,ke4 le4,無厘頭；九唔搭八 ；𠵇𠺫,,抽象/荒谬,absurdly,名词：（俗語）“騎呢怪”的简称，特指性格​、​行为古怪又不正常的人​,"n: (proverb) Short for ""eccentric,"" specifically referring to a person with an odd or abnormal personality and behavior.",用法：形容性格也可以形容外表也可以形容姿态等于抽象的意思,"usage: It can describe personality, appearance, or posture; it's essentially an abstract concept.",CanTong Lexicon 2025,96
L97,企理,kei5 lei5,乾淨；整齊；乾淨企理,,得体/端正/整齐,tidy/neat/Clean,形容词：期初是英文“clean”的译音，表示整洁，井井有条,adj: Describes an environment as clean and tidy; it can also describe someone as organized or a person as clean and tidy.,用法：1，形容环境整洁，干净整齐。 2，可以形容做事有条理。 3，也可以形容人干净整洁,usage: 1. Describes a clean and tidy environment.  2. Can describe someone who is organized and methodical in their work.  3. Can also describe a person who is clean and tidy.,CanTong Lexicon 2025,97
L98,奇啦,kei4 laa1,奇怪；出奇；屌啊,,奇怪/意料之外,odd/strange,形容词：出乎意料的第一个反应,adj: An unexpected first reaction,用法：当记错东西，明明放在这不见了可以用,"usage: When you misremember something, or if you clearly put it here but can't find it, you can use it.",CanTong Lexicon 2025,98
L99,撈絞,laau2 gaau4,逦迤；唔​整齊；亂；摎攪（澩嫪）；冇​條理；麻烦；立立亂（厯厯亂）；泶嫪,,复杂难搞/混乱,disorderly/chaotic,形容词：（俗語）形容情境或事物杂乱、乱七八糟的意思,adj: (proverb) Describing a situation or situation as messy or chaotic,用法：做事没有条理，乱来的可用，形容穿搭不整齐不整洁可用，形容糟糕的情况也可以用,"usage: It can be used to describe someone who is disorganized and haphazard in their work, to describe someone who is dressed sloppily and untidy, or to describe a terrible situation.",CanTong Lexicon 2025,99
L100,逦迤,le2 he5,摎攪；哩hea；冇釐搭霎,,狼狈,disheveled,形容词：（俗語）办事狼狈，有头无尾，为人不修边幅。,"adj: (proverb) Disorganized, indecisive, and unkempt.","用法：处境艰难可用，表现得十分糟糕可用，表现十分狼狈可用，
无赖（贬义）可用","usage: describe a difficult situation, poor performance, or embarrassing behavior. Also used to describe someone who is a scoundrel (in a negative sense).",CanTong Lexicon 2025,100
L101,冇釐搭霎,mou5 lei4 daap3 saap3,冇搭霎（冇傝𠎷）；冇嚟搭霎（冇厘搭霎）；兒戲；粗心大意；求其,,不负责任/粗心大意/无离搭,irresponsible/careless,形容词：把人转介出去是缺乏责任感的表现。,adj: To refer somebody is lack of a sense of responsibility,用法：形容做事有头无尾可用，形容粗心大意的人，经常忘东忘西的人,usage: This describes someone who starts something but doesn't finish it; it describes a careless person who often forgets things.,CanTong Lexicon 2025,101
L102,好麻煩,hou2 maa4 faan4,真撈絞；麻鳩煩；好撚煩；麻撚煩；煩到閪噉,,真麻烦,so troublesome,形容词：“真的令人费心”或“真的增添了负担”，通常用于表示对某件事的复杂、困难感到不便或厌烦,"adj: ""Really troublesome"" or ""really a burden"" is usually used to express inconvenience or annoyance at the complexity or difficulty of something.","用法：1，形容词: ""真麻烦"" 描述某事或某情况令人费事、繁琐，难以应付。 2，动词: ""麻烦"" 可以表示打扰或使人费事。","usage: 1. adj: ""Troublesome"" describes something or a situation that is troublesome, tedious, and difficult to handle.  2. v: ""Troublesome"" can mean to bother or cause trouble.",CanTong Lexicon 2025,102
L103,烏哩單刀 ,wu1 li1 daan1 dou1,亂​七八​糟；立立亂（厯厯亂）；亂嗮龍；七國咁亂；一镬粥；倒瀉籮蟹；乌哩妈叉；鳩之孖碌,,乱七八糟/乱糟糟/一塌糊涂,messy,形容词：（俗语）用来形容一个人办事糊里糊涂、含混不清。,adj: (proverb) It is used to describe someone who is muddle-headed and unclear in their work.,用法：形容办事不靠谱，当有人在处理事务时显得笨手笨脚，或者把事情搞砸，可用。,"usage: This phrase describes someone who is unreliable or clumsy in handling affairs, or who messes things up.",CanTong Lexicon 2025,103
L104,一鑊粥,jat1 wok6 zuk1,一鑊泡；大劑；大鑊；一pat屎；成pat屎；成噼屎,,出大事了/搞砸了/一团糟,make a mess of,形容词：（俗语）事态​棘手​、​严重​、​麻烦​，也可以说​地方​污糟​、​混乱,"adj: (proverb) Mess, intractable and chaos,unmanageable situation, literally,one wok of congee",用法：形容事情搞得一团糟,usage: describe something being made a complete mess,CanTong Lexicon 2025,104
L105,姐手姐腳,ze2 sau2 ze2 goek3,手腳慢​；烏哩單刀；論盡；阻手阻腳,,畏手畏脚/笨手笨脚,Hesitant and timid,形容词：做粗重东西的时候没力、手脚慢、经常出错,"adj: Slow, clumsy, feeble, literally 'woman's hands woman's feet'",用法：形容做事慢，影响效率,usage: describe someone who works slowly and is inefficient.,CanTong Lexicon 2025,105
L106,佗手掕腳,to4 sau2 lang3 goek3,陀手掕腳；負累；佗手褦脚,,拖累阻碍/帮不上忙/碍手碍脚,to be a burden /it can‘t be helped,形容词：指人，行动不便，形容人帮不上忙，成为负累,adj: Of a person，clumsy and being a burden to others,用法：形容没有任何帮助，影响到其他人的进度,usage: describe something that is not helpful and hinders the progress of others.,CanTong Lexicon 2025,106
L107,冇心裝載,mou5 sam1 zong1 zoi3,唔​上心​；​唔​在意,,疏忽/心不在焉,negligent/not caring,形容词：意味着不太注意或者在做某事上不太用心，不把别人的话或者事情放在心上,"adj: To refer somebody does not pay much attention, or give much effort into doing something","用法：不重视并忘记别人的话语或建议,字面上来说，就是没有心思承担重任。","usage: not paying attention to and being forgetful about someone's words or advice; literally, no heart to carry loads",CanTong Lexicon 2025,107
L108,冇心嘅,mou5 sam1 ge3,唔係有心嘅,,无意的/不是故意,inadvertent,动词：做了​一件事​而​事前​没有​意图,"v: to not mean to,to be unintentional",用法：表示不是故意的,usage: It indicates that it was not intentional.,CanTong Lexicon 2025,108
L109,唔知道,m4 zi1 dou6,唔知；鬼知；知鬼,,不知道,no idea/i don't know,用来表示对某件事物的不了解或不确定,I don't know,用法：表示不确定不知道,usage: Indicates uncertainty or not knowing.,CanTong Lexicon 2025,109
L110,呃人,ngaak1 jan4,搵笨；水人；老點人；昆人,,骗人,telling a lie,动词：对某人说谎（口语），进行欺骗行为,"v: To lie to someone (in spoken language), to deceive.",用法：表示骗人，能为自己谋取利益去害人的行为,usage: This refers to deceiving others or harming others for personal gain.,CanTong Lexicon 2025,110
L111,搵笨,wan2 ban6,攞著數；呃人；佔便宜；剾草；打斧頭；利用；抽水；搵笨柒,,占便宜/利用,to con/take advantage of,动词：取得​好处​、​利益​，​通常​含​贬义,"v: To gain benefits or advantages, usually with a negative connotation.",用法：从某种情况中获利,usage: to gain benefits from a situation ,CanTong Lexicon 2025,111
L112,巽寮湾,Seon3 liu4 Waan1,信辽湾,,巽寮湾,Xunliao Bay,地域名：位于广东省惠州市惠东县；巽代表风予以平安吉祥,"region name: Located in Huidong County, Huizhou City, Guangdong Province; Xun represents wind, bringing peace and good fortune.",用法：古时候苏东坡到了叫鸭寮的地方，而这里的地形像八卦，鸭寮就在八卦之上，而这里经常有微风吹就改名为巽寮湾,"usage: In ancient times, Su Dongpo arrived at a place called Ya Liao, whose terrain resembled a Bagua (Eight Trigrams). Ya Liao was situated on top of the Bagua, and because a gentle breeze often blew through the area, it was renamed Xunliao Bay.",CanTong Lexicon 2025,112
L113,檔攤,dong3 taan1,摆檔,,临时摆摊/摊位,stall,名词：有商业许可的快闪店,v: Pop-up stores with commercial licenses,用法：一般形容不需担心会被驱赶，有合作的短时间合法经营,"usage: This generally describes a situation where there's no need to worry about being evicted, and there's a short-term, legal business arrangement with partners.",CanTong Lexicon 2025,113
L114,掟啲嘢過去,deng3 di1 je5 gwo3 heoi3,,,扔一些东西过去/投一些东西过去/掷一些东西过去,Throw something over/toss something over,动词：有指定方向，有目标地扔东西过去，,v: to throw something in a designated direction or with a specific goal.,用法：只要有目标方向投，扔，掷的动作可以用这个“掟”,"usage: The action of throwing, tossing, or juggling can be described using the character ""掟"" as long as there is a target direction.",CanTong Lexicon 2025,114
L115,輘輷,ging2 gwang2,景轟；蹊跷 ；奇怪；有輘輷；唔妥；有古怪,,蹊跷/不可告人/古怪/奇怪/有状况/有情况,fishy/Unspeakable/weird,形容词：有不可告人的秘密，通常指某件事情不寻常、不方便公开。 ,"adj: having a secret, usually referring to something unusual or inconvenient to disclose.",用法：表示有内情，不可告人，奇怪不寻常,"usage: This indicates that there is something going on, something that cannot be told, something strange and unusual.",CanTong Lexicon 2025,115
L116,咬耳仔,ngaau5 ji5 zai2,細細聲講；細聲講；密密斟；倾八卦,,说悄悄话/窃窃细语,to whisper,动词：偷偷地交谈，悄悄地向某人耳语，字面意思是咬耳朵,"v: to talk secretly, to whisper to someone in a secretive way, literally, to bite ears","用法：形容在讲秘密，聊八卦的行为，指背着人低声讲（可能令人感觉古怪/讲闲话）。","usage: Describes the act of telling secrets or gossiping, referring to speaking in a low voice behind someone's back (which may seem strange/gossipy).",CanTong Lexicon 2025,116
L117,誓神劈願,sai6 san4 pek3 jyun6,斬釘截鐵；實牙實齒；言之鑿鑿；一言九鼎,,斩钉截铁,to swear a solemn oath,（俗语）坚定地、坚决地主张或强调；字面意思：向神发誓并作出承诺,(proverb) to be determined and to claim or stress firmly; literally: to swear to a god and make a pledge,用法：当表示非常坚决、绝对、不容置疑的决心或承诺，即发誓向上天发愿，发下重誓，保证某事一定会做到，绝不食言的情况或描述可用,"usage: It can be used to express a very firm, absolute, and unquestionable determination or commitment, that is, to swear an oath or make a solemn vow, guaranteeing that something will definitely be done and that one will never break one's promise.",CanTong Lexicon 2025,117
L118,甩碌,lat7 luk7,撻Q；甩漏 ；甩轆；大頭蝦；大意；放飛機,,掉链子/出错/临阵退缩/打退堂鼓/放鸽子,drop the ball /dropped the chain/mess it up/mess it up/choke now/don`t bail on me/Don't back out now/Don't leave me hanging/Don't let me down,动词：源于车的轮胎突然脱落，延伸到事物突然出问题、失控或形容人超级忙碌到“失控”的程度，,"v: Originating from the image of a car tire suddenly coming off, it extends to describe something suddenly going wrong, getting out of control, or someone being so busy that they are ""out of control.""",用法：形容电脑当机、计划出错、事情搞砸了等情况，可以用于放鸽子，临阵退缩，打退堂鼓，还可以是反应慢，不在状态，“失控、掉走、走样、状况不好”等比喻义,"usage: It is often used to describe situations such as a computer crashing, a plan going wrong, or something going wrong. It can also mean standing someone up, backing out at the last minute, or giving up. It can also mean being slow to react, out of sorts, or in a bad state.",CanTong Lexicon 2025,118
L119,飛紙仔,feil dzi2 dzai2,递紙仔,,传纸条,Passing notes,动词：是香港电影行业术语，指演员在拍摄现场临时获取当天剧本的创作方式，编剧群体亦被称作该名称,"v: This is a Hong Kong film industry term referring to the practice of actors receiving the script on set and creating their own scripts. The screenwriting community is also referred to by this name.",用法：临时写的纸条，引申为临时安排、突发任务、临时修改,"usage: A hastily written note, implying a temporary arrangement or unexpected task.",CanTong Lexicon 2025,119
L120,戾偈,lai2 gai6,唔順利；大鍋；撈絞；大劑；大鑊；大檸樂；擇使；湿劑,,棘手/不顺利/麻烦了/麻烦大/事态严重,Tricky/Inflexibility of hands and feet/oh shit/bad situation/ disaster/crisis/trouble/a difficult mess,形容词：形容事情或情况很棘手不顺利不太灵活做起事来卡住,adj: to describe that something serious has happened; to be in big trouble; a difficult mess,用法：进展不顺或动作不灵活想表达整件事很棘手不太顺利,"usage: When things aren't going well or actions are clumsy, it's used to express that the whole thing is tricky and not going smoothly.",CanTong Lexicon 2025,120
L121,咪嚒,mi1 mo1,咪摩；痾裹；资整；娿哿；咪咪嚒嚒；资资整整,,磨蹭/动作慢/慢吞吞/磨磨蹭蹭,slow and clumsy,形容词：某人做事缓慢笨拙，做事非常慢，耗时很长。,"adj: of one's pace of doing things slow and clumsy，to be very slow in doing something,to take a long time to do something ",用法：有着嫌弃的态度，不耐烦一些抓细节动作慢影响到效率的人,"usage: Used to express disdain or impatience towards people who are meticulous, slow, and inefficient.",CanTong Lexicon 2025,121
L122,娿哿,o1 go6,娿哿；婆婆媽媽；婆媽；奄尖聲悶,,长气/啰嗦/婆婆妈妈/婆妈/要求​多多/三心两意/犹豫不决/犹豫不决/鬼鬼祟祟/人拖拖拉拉/優柔寡斷/要求多多,very clumsy/indecisive/verbose/picky about trivial matters/clumsy,形容词：婆婆​媽媽​，​做事​慢半拍​，不能​爽快​决定，要求多多、麻烦又多投诉。,"adj: slow and indecisive, hesitant",用法：形容猶豫不決的情况，形容行為拖拉情况同时还形容“怎么你这么麻烦”,"usage: Describes a situation of indecisiveness, a procrastination, and also implies ""Why are you so troublesome?""",CanTong Lexicon 2025,122
L123,惡啃,ok3 kang2,猪头骨,,难以接受/难以处理/难以应对,hard to stomach/difficult to deal with/Difficult to tackle,名词：猪骨，通常用于熬汤，（俚语）指难啃但无用的东西；无利可图的东西，指不够好但丢弃又可惜的东西，可有可无的东西，非必需品,"n: pork bone, usually for making stock, (slang) something that is tough but not rewarding, something that is unprofitable, something that is not good enough to get you excited but that is still a pity to be discarded, the expendable things, the non-essentials",用法：高投入低回报的工作，比喻无用的、无利可图的生意或没人愿意接手的棘手任务,"usage: High-input, low-return work; a metaphor for useless, unprofitable business or a difficult task that no one wants to take on.",CanTong Lexicon 2025,123
L124,點樣嚟㗎,dim2 joeng2 lai4 gaa3,係邊度嚟㗎；係邊柒度嚟㗎；點鳩樣嚟㗎,,怎么来的/是怎么來的,How did you get here?,疑問：主要用來询问某人如何到达某地,Expressing a question: Primarily used to inquire how someone got to a certain place.,用法：一般想得知对方怎么过来的,"usage: Generally, people want to know how the other person got here.",CanTong Lexicon 2025,124
L125,梗,gan2,緊；揸緊车；过緊嚟；整緊路；手頭緊,,正在/紧的/过紧离/手头紧/着/一定/必定/肯定/当然/僵硬了/犟/倔强,ing/Tight/In progress/Certainly/Inevitably/Definitely/Of course/stubborn/Stiff,助词：主要用于表示动作的进行时态，相当于普通话的“正在”或“着”。,"aux: mainly used to indicate the progressive tense of an action, equivalent to ""正在"" or ""着"" in Mandarin.",主语+动词+紧+(宾语)，1.表示状态的持续 除了具体的动作，也可以表示某种状态的持续。2.与其它助词连用 “紧”可以与其他助词结合，表达更复杂的时态。3.用于疑问句和否定句。   ”梗“等于“緊”,"usage: Subject + V + “紧” + (Object), 1. Indicates the continuation of a state: Besides specific actions, it can also indicate the continuation of a certain state. 2. Used with other particles: ""Tense"" can be combined with other particles to express more complex tenses. 3. Used in interrogative and negative sentences.   ”梗“=“緊”",CanTong Lexicon 2025,125
L126,梗係 ,gang2 hai6,當然​；實係；肯撚定；梗撚係 ,,当然是/肯定是/一定是/必定是/毫无疑问,of course/certainly/for sure/undoubtedly,副词：当然，表示肯定,"adv: Of course, indicating certainty",用法：表示肯定、不容置疑的语气,usage: To express a tone of affirmation and leaving no room for doubt.,CanTong Lexicon 2025,126
L127,跟住,gan1 zyu6,之​後​；跟鳩住咧,,然后/之后/接着/跟着,and then/and after/afterwards/next,副词：之后，然后。动词：追尾，跟随,"adv: after, next, then. v: to tail, to follow.",用法：日常口语化接着，之后的意思会经常用，同时也是跟踪，跟随的意思,"usage: In everyday conversation, ""following"" is frequently used, and it also means to track or follow.",CanTong Lexicon 2025,127
L128,跟住落嚟,gan1 zyu6 lok6 lai4,接住​落​嚟,,接下来,next/then/next/after that,副词：接下来,adv: next,用法：接下来+怎么怎么样,Usage: Next + how/what,CanTong Lexicon 2025,128
L129,咪住先,mai5 zyu6 sin1,咪住；等陣；咪自；等陣先；咪撚住先,,先等一下/等一下先/等等/且慢,hold it/hold on/stop right there,副词：字面意为「等一下」，用于暫停对方行动，引申为表达怀疑或要求澄清。,"adv: Literally meaning ""wait a moment,"" used to pause someone's actions, and by extension, to express doubt or request clarification.",用法：代替且慢，先等一下，等等,"usage: Used as a substitute for ""wait and see,"" or ""wait a moment.""",CanTong Lexicon 2025,129
L130,係咪,hai6 mi1,係唔係；係閪唔係；係閪,,是不是,Yes or no/isn't it?/ is it?,副词：疑问短语，「係」为「是」，「咪」为「不」，即「是不是」。用于寻求确认。,"adv: Interrogative phrase, ""係"" means ""is"", ""咪"" means ""no"", that is, ""is it or not"". Used to seek confirmation.",用法：问句中，询问对方是否、对不对。同时也作用于反问,usage: Used in interrogative sentences to ask whether something is true or false. It can also be used in rhetorical questions.,CanTong Lexicon 2025,130
L131,係咩,ai6 me1,係咪吖,,是吗/装不知道/是什么,really? /Is it true?/Pretend not to know/What is it,副词：疑问短语，产生疑问，也有惊讶的意思在里面,"adv: an interrogative phrase, meaning to raise a question or to express surprise.",用法：正常情况使用是在自己不知道的事情得知的现场反应，惊讶。有时候它会是装不知道的疑问。,usage: Normally used to express surprise upon learning something one was unaware of. Sometimes it can also be used to feign ignorance or express doubt.,CanTong Lexicon 2025,131
L132,唔係咩,m4 hai6 me,唔通唔係咩；唔撚係咩,,不是吗/可不是吗/难道不是吗/不然呢,is it？/isn't it? /Isn't that so?,副词：用于在对话中提问，类似于说“是……吗？”；“不是吗？”反问,"adv: Used in dialogue to ask questions, similar to saying ""Is it...?"" or ""Isn't it?"" (a rhetorical question).",用法：通常用于先肯定后反问,usage: Usually used when affirming first and then asking a question.,CanTong Lexicon 2025,132
L133,唔係,m4 hai6,唔係嘅话；如果唔係,,不是/不/否定/不然/否则/要不然,Not/No/Deny/Otherwise,副词：否定的意思，还有不然，否则的意思,"adv: meaning negation, or otherwise.",用法：除了代表否定可用还可以是如果不做前面的行为，就会触发后面的结果,"usage: Besides indicating negation of availability, it can also mean that if the preceding action is not performed, the subsequent result will be triggered.",CanTong Lexicon 2025,133
L134,咪係,mai6 hai6,咪就係；之唔係,,就是啊/就是/不就是/难道不是吗/对极了/可不是吗/要你说吗,That's right/That's right/to be/isn't it like that/tell me about it,副词：用于强烈肯定对方说法，相当于就是啊，对极了。,"adv: Used to strongly affirm what the other person says, equivalent to ""Yes, that's right!"" or ""Absolutely right!"" It carries a tone of agreement or emphasis.",用法：常用于“不就是”的意思，其次附和或强调语气，多数应付前者吐槽作出的反应,"usage: Commonly used to mean ""isn't it?"", secondly to echo or emphasize, and mostly as a response to the former's sarcastic remarks.",CanTong Lexicon 2025,134
L135,咪噉啦,mai5 gam2 laa1,冇噉啦,,别这样/不要这样,Don't do that,副词：别这样，不要这样,"adv: Don't do that, don't do that",用法：劝阻性短語，（噉）指（这样）整体意思是（別这样啦）。常用于缓和对方情绪。,"usage: A dissuasive phrase, (噉) meaning ""don't do that."" It is often used to calm the other person down.",CanTong Lexicon 2025,135
L136,咪搞,mai5 gaau2,咪搞我,,别碰/别插手/别招惹,Don't include/ involve me/don't count me in/Don't touch/Don't interfere/Don't provoke,副词：别碰，别插手，别招惹，带有警告或者无奈语气,"adv: Don't touch, don't interfere, don't provoke; carries a warning or helpless tone.",用法：（表示拒绝或不予考虑）不要把我包括在内/牵扯进来；不要把我算进去,usage: (Indicating refusal or non-consideration) Don't include me/get me involved; don't count me in.,CanTong Lexicon 2025,136
L137,咪書,mai5 syu1,温書,,看书/复习/使劲读书,to study hard/to read books excessively,动词：努力学习；埋头苦读,v: to study hard; to hit the books,用法：通常形容临近考试前的考生拼命复习的状态,usage: Usually used to describe the state of students studying frantically before an exam.,CanTong Lexicon 2025,137
L138,咪喐,mai5 juk1,咪郁；唔好喐,,别动,don't move,动词：就是禁止移动或保持静止的命令,v: a command to prohibit movement or keep still.,用法：1，警告他人禁止移动。 2，警告他人别碰自己的东西,usage: 1. To warn others not to move. 2. To warn others not to touch your belongings.,CanTong Lexicon 2025,138
L139,冇料,mou5 liu6 dou3,冇料到；廢柴；廢物；無用,,没能力/水平低/没出息/没本事/没有本事/没能耐/没消息/没惊喜,incapable/Incompetent/low-skilled/unambitious/lacking ability/incapable/no news/no surprises,形容词：某人没本事，也可引申为生理有缺陷，带有贬义，另外意思形容没有惊喜消息,"adj: The phrase ""someone is incompetent"" can also be used to describe someone with a physical defect, carrying a negative connotation. It can also describe a situation where there is no exciting news or surprises.",用法：形容缺乏知识或技能，一无所有，攻击，形容看不起对方。同时形容没有新动态的意思,"usage: It describes someone who lacks knowledge or skills, is penniless, and is offensive or shows contempt for someone. It also implies a lack of new developments or updates.",CanTong Lexicon 2025,139
L140,有料,jau5 liu2,有料到,,有本事/有才干/有能耐/有出息/有新闻/有消息/有惊喜/有学问,impressive/capable/gossip/rich/Talented/Successful/Promising/Newsworthy/Information/Surprising/Knowledgeable,形容词：一般是指某人有本事或有来头，带有褒义，另外意思形容有新消息,"adj: It generally refers to someone being capable or having connections, carrying a positive connotation. It can also mean having new information.",用法：形容有本事，赞赏，形容佩服对方。同时也可以形容有新消息的意思,"usage: It describes someone as capable, expresses admiration, or shows respect for the other person. It can also mean there is new information.",CanTong Lexicon 2025,140
L141,乜料,mat1 liu2,咩料；乜嘢​來頭；咩​來頭；咩嘢料；乜嘢料,,什么事/怎么样/怎么回事/什么状况/什么情况/怎么一回事,What happened/How is it/What's going on/What's the situation/What's the circumstances/How did it all happen?/what's up?,代词：对某人事物产生疑问，从哪来的，什么来头,pron: to mean a doubt of the background of someone/something,用法：表示疑问、不解，也常带点轻蔑或不屑的语气,"usage: Used to express doubt or confusion, often with a hint of contempt or disdain.",CanTong Lexicon 2025,141
L142,不嬲,bat1 lau1,"不溜；一貫,；素来；始終；向来；一路；歷來；一楼",,一直/一向/向来/经常/始终/从来/历来,always/all along/consistently,副词：习惯的意思，一直这样，一向如此,"adv: Habit means that it has always been this way, always been the way it is.",用法：表达一种持续的状态或习惯,usage: To express a persistent state or habit.,CanTong Lexicon 2025,142
L143,點酱油,dim2 zoeng3 jau4,點豉油；點啲酱油,,蘸酱油/蘸点酱油,Dip in soy sauce / dip in a little soy sauce,动词：将食物（如饺子、寿司）浸入酱油中以调味,v: To dip food (such as dumplings or sushi) into soy sauce for seasoning.,用法：形容沾上酱油，增加风味这个行为,usage: Describes the act of dipping something in soy sauce to enhance its flavor.,CanTong Lexicon 2025,143
L144,冚唪唥,ham6 baang6 laang6,冚家；統統；通通,,全部/所有/一切/总共/总计,all/entire/every/everything/Total,代词、限定词、形容詞：源于洋涇浜英语：hampalang，来自粤语：咸埋包來，或英語 home balance，或閩南y语 ：含巴拢 ，或吳语：亨八冷打，福建閩东语：含把担，统称总计，总共的意思,"Pron, dt, adj: Derived from the slang English word ""hampalang,"" from Cantonese ""咸埋包來,"" or English ""home balance,"" or Hokkien ""含巴拢,"" or Wu dialect ""亨八冷打,"" and from Eastern Fujian Hokkien ""含把担,"" collectively meaning total, sum, or total.",用法：表示沒有例外地囊括所有事物,usage: Indicates that it encompasses all things without exception.,CanTong Lexicon 2025,144
L145,手頭緊,sau2 tau4 gan2,冇乜錢；冇咩錢；水緊；等錢使,,没什么钱/没钱/缺钱/贫困,"Not much money/short of money
/hard up",形容词：钱快用完了，资金紧张，缺钱,"adj: running out of money, cash strapped, short of money",用法：多形用于不想花钱，或者花大钱的回答，必须精打细算的情况,"usage: This form is used for responses indicating a reluctance to spend money, or for situations where spending a large sum of money is undesirable and careful budgeting is necessary.",CanTong Lexicon 2025,145
L146,唔覺意,m4 gok3 ji3,唔​係​有心；不留神；唔小心；冇留意；無意間；不经已,,没察觉到/没意识到/没留意/无意间/不留神/不小心/没注意/无意中,insentiently/unintentionally/accidentally,副词：无意的；并非故意的；粗心的,adv: unintentionally; not on purpose; carelessly,用法：不是故意，无意中发生的情况，可用于解释行为不是故意造成的，也可表达自己当下没察觉或因疏忽而发生的事。,"usage: It refers to situations that are not intentional or occur unintentionally. It can be used to explain that the behavior was not intentional, or to express that one was unaware of something at the time or that it happened due to negligence.",CanTong Lexicon 2025,146
L147,估唔到,gu2 m4 dou2,估都估唔到；冇諗到；冇諗過；真係估唔到,,没想到/没料到/出乎意料/猜不到,didn't expect that/never thought so/didn't see that coming,动词：表示事前没有预料到某个结果，常带有惊讶、感叹，有时夹杂无奈或佩服的语气，多用于陈述已经发生的事情。,"v: used when the speaker did not anticipate the outcome; usually carries a tone of surprise, sometimes mixed with resignation or admiration, and typically refers to events that have already happened.",用法：多用于在得知结果之后，对事件的发展或他人的行为作出评价；适合用于口语对话、聊天记录或评论区中，简短表达“完全超出原本预期”的感觉。,"usage: mainly used after learning about a result to comment on how unexpected it was; common in everyday conversation, messages, or online comments as a concise way to say something turned out completely differently from what was expected.",CanTong Lexicon 2025,147
L148,整色整水,zing2 sik1 zing2 seoi2,整鬼扮马；搞姿整；扮晒嘢；花臣；得个样,,搞花样/花里胡哨/装模作样/讲究排场/重形式,she`s a karen/being extra/make color make water/overly showy/flashy/fussy about appearances/all style no substance/make a fuss over looks,形容词：多用来形容人在打扮、摆设、办活动等方面过分花巧、重外表轻内容，只顾好看或排场，不太实际，语气通常带有嫌弃或贬义。,"adj: used for people or things that put excessive effort into looks or fancy presentation, focusing on appearance and theatrics rather than practicality or substance; generally disapproving.",用法：常用来批评别人打扮或布置太花巧，例如「着到咁整色整水做乜啫？」、「搞活动唔好咁整色整水，实用啲好」；亦可形容设计或品牌「得个样」，只有外表冇内容。,"usage: often used to criticise outfits, décor or events that are too ornate or fussy, e.g. someone being dressed in an over-the-top way or an event that is overly staged; can also describe designs or brands that look good on the surface but lack real substance.",CanTong Lexicon 2025,148
L149,特登,dak6 dang1,專登；特意；有心,,故意/特意/专门/刻意/有意为之,on purpose/deliberately/intentionally/especially/make a special effort,副词：表示有意识地、故意地去做某事，强调行动不是偶然发生，而是带着明确目的或态度去安排，有时带有抱怨或指责的语气。,"adv: describes doing something deliberately or on purpose, highlighting that the action is planned rather than accidental, sometimes with a tone of complaint or blame.",用法：多放在动词前面强调“这是故意的”或“特地这样做”，常用于描述别人明知后果仍然坚持某种做法，或为了某个目的刻意安排行动，也可引申为“特地跑一趟、特意来帮忙”的意思。,"usage: typically placed before a verb to stress that the action is intentional, often used when someone knowingly acts in a certain way or makes a special effort for a particular reason; can also imply that a person went out of their way or made a special trip to do something.",CanTong Lexicon 2025,149
L150,淨係,zing6 hai6,只係,,只是,,只係：陈述事实或情况(语气较中性) 淨係：强调限制性排他性、唯一性,,我只是想帮你,,CanTong Lexicon 2025,150
L151,爛gag,,,,烂笑话；冷笑话,,,"a bad joke, especially a bad pun; a dad joke",,,CanTong Lexicon 2025,151
L152,搞gag,,,,制造笑话，搞笑,,,,,,CanTong Lexicon 2025,152
L153,你老母,nei5 lou5 mou2 ,你老味；你鹵味,,你妈,Your mother,,,,,CanTong Lexicon 2025,153
L154,二五仔,ji6 ng5 zai2,內鬼；鬼頭仔；反骨仔,,叛徒/奸细,traitor,名词：勾结敌人​，​出卖​自己​​人​,,,,CanTong Lexicon 2025,154
L155,老懵咗,lou5 mung2 zo2,老懵懂,,你没事吧/老糊涂,,,,,,CanTong Lexicon 2025,155
L156,淆底,ngaau4 dai2,打退堂鼓；笠水；縮沙；怯；臨陣退縮；退縮 ,,怂了/认怂了/临阵退缩/放弃,to give up/give up/get cold feet/freaked out/get cold feet/don`t bail on me/Don't back out now/Don't leave me hanging/Don't let me down,形容词：因为​害怕​而​不敢行动,adj: To be afraid to act,,,CanTong Lexicon 2025,156
L157,瘀嘢,jyu2 je5,,,倒霉的事,,,,,,CanTong Lexicon 2025,
L158,托柒,tok3 cat1,做咩；把撚,,干嘛；干叼,,,,,,CanTong Lexicon 2025,
L159,走鬼,zau2 gwai2,無​牌​小​販,,小贩,vendor/unlicensed street vendor,名词：,,,,CanTong Lexicon 2025,
L160,手推車,sau2 teoi1 ce1,車仔,,手推车,trolley,名词：,,,,CanTong Lexicon 2025,
L161,鹌鹑,am1 ceon1,細膽；蛇呱,,懦夫,coward,形容词：形容胆子小​、​,,,,CanTong Lexicon 2025,
L162,蛇呱,se4 gwe1,蛇gwe；蛇𠺌,,懦弱,scare,,,,,CanTong Lexicon 2025,
L163,冇吉士,mou5 gat1 si2,冇膽匪類；龜缩,,没胆量,no guts/get cold feet,形容词：吉士是英文guts简化而来,"adj: 吉士 (gíshì) is a simplified form of the English word ""guts"".",形容人没有勇气胆量的意思,,CanTong Lexicon 2025,
L164,驚,ging1,生人唔生膽；船頭驚鬼，船尾驚賊；怯,,害怕/胆小,cowardly,,,,,CanTong Lexicon 2025,
L165,怪雞,gwaai3 gai1,古怪；騎呢古怪；怪雞；古灵精怪；騎呢怪；𠵇𠺫,,奇怪打扮,strange,,,,,CanTong Lexicon 2025,
L166,该煨,goi1 wui1,折墮；撞鬼,,糟糕,terrible,形容词：真倒霉·真糟糕·太不幸了，形容凄惨或者不幸嘅坏事发生。,"adj: really unlucky, really bad, really unfortunate, describing a miserable or unfortunate event.",,,CanTong Lexicon 2025,
L167,緊要關頭,gan2 jiu3 gwaan1 tau4,,,时间紧迫,critical juncture/critical moment,紧急而重要的时刻（成语）；关键时刻,urgent and important moment (idiom); critical juncture,,,CanTong Lexicon 2025,
L168,匙挞胆,ci4 taat1 daam,光管启动器；是撚但,,灯管启动器,starter,名词：80 90年代灯管的启动器内胆,Noun: Starter cartridge for light bulbs from the 1980s and 1990s,,,CanTong Lexicon 2025,
L169,心悒,sam1 ngap1,心up；心噏,,难过,anxious,,,,,CanTong Lexicon 2025,
L170,耷,dap1,咁耷,,失落,Loss,,,,,CanTong Lexicon 2025,
L171,藞苴,laa5 zaa2,嗱渣；揦鲊；唔干净,,不择手段,play hard,,,,,CanTong Lexicon 2025,
L172,𢫏被,kam2 pei5,,,盖被子,Cover yourself with a blanket,,,,,CanTong Lexicon 2025,
L173,畀,bei2,畀钱；畀本书我,,给/给予,,,,,,CanTong Lexicon 2025,
L174,俾,bei2,俾我试试,,使/让,,,,,,CanTong Lexicon 2025,
L175,肉緊,juk6 gan2,,,着急/揪心,,,,,,CanTong Lexicon 2025,
L176,從頭嚟過,cung4 tau4 lai4 gwo3,,,重新开始/从头再来,back to the drawing board,,,,,CanTong Lexicon 2025,
L177,廢話少講,fai3 waa2 siu2 gong2,講多無謂；講经咩,,长话少说/少说废话,make a long story short,,,,,CanTong Lexicon 2025,
L178,好明顯,hou3 ming4 hin2,明顯到閪噉；好明顯啦,,显而易见,no brainer,,,,,CanTong Lexicon 2025,
L179,一口咬定,jat1 hau2 ngaau5 ding6,,,,to arbitrarily assert/to allege/to stick to one's statement/to cling to one's view,强调；明确地指责,to insist emphatically; to accuse sby in a definite manner,,,CanTong Lexicon 2025,
L180,作賊心虛,zok3 caak3 sam1 heoi1,心虚,,做贼心虚/心虚,Have a guilty conscience/Guilty,做错事后，害怕被揭穿而感到不安,to feel uneasy when one is afraid of being exposed after a wrong-doing,,,CanTong Lexicon 2025,
L181,我屌,ngo5 diu2,,,卧槽,holy moly,,,,,CanTong Lexicon 2025,
L182,起身啦,hei2 san1 laa1,,,起床啦,wakey wakey,,,,,CanTong Lexicon 2025,
L183,一陣見,jat1 zan6 gin3,,,回头见,later gator,,,,,CanTong Lexicon 2025,
L184,大佬,daai6 lou2,啊頭,,扛把子；哥；大哥；头目；兄长,elder brother/head of department/head of chef/leader/godfather/big shot,,,,,CanTong Lexicon 2025,
L185,你想飲啲乜,nei5 soeng2 jam2 di1 mat1,你想飲乜閪；你想飲乜撚；你想飲乜鳩；飲乜,,你想喝点什么,what`s your posion,,,,,CanTong Lexicon 2025,
L186,撲亲,pok3 can1,撲街,,跌倒,Fall down,（俗语）,(proverb),,,CanTong Lexicon 2025,
L187,冇,mou5,,,没有,no/nothing/have not/did not/don`t/didn`t,,,,,CanTong Lexicon 2025,
L188,罷就,baa6 zau6,𨳍就；鳩就；算數​；柒就,,算了/算了吧,Forget it/Let it go,算了；用来表达“我不在乎”的态度,"forget it; used to express an ""I don't care"" attitude",,,CanTong Lexicon 2025,
L189,義氣,ji6 hei3,講義氣；夠雷；唔話得；有雷气；有雷,,忠诚/义气/没话说,loyalty/brotherhood/eat no fish,名词：,,,,CanTong Lexicon 2025,
L190,唔好理,m4 hou2 lei5,咪理；冇理；冇理咁多；冇理咁多,,别管/不要管,stay out of/,,,,,CanTong Lexicon 2025,
L191,諗都冇好諗,nam2 dou1 mou5 hou2 nam2,唔使旨意；咪使旨意；等下世啦；下世啦；唔可能,,做梦吧/想都别想/做梦/不可能,when pigs fly/impossible,,,,,CanTong Lexicon 2025,
L192,冇可能,mou5 ho2 nang4,諗多咗,,没可能/不可能,impossible,,,,,CanTong Lexicon 2025,
L193,諗多咗,nam2 do1 zo2,,,想多了/想太多了/想了太多,,,,,,CanTong Lexicon 2025,
L194,畀你幸到啦,bei3 nei5 han6 dou3 laa1,俾你等到喇；得償所願,,得偿所愿；被你盼望到了；愿望成真,,非常渴望某样东西，然后最终得到了它,"to want something very much, and subsequently getting it",,,CanTong Lexicon 2025,
L195,個世界真係細,:go3 sai3 gaai3 zan1 hai6 sai3,又会細到噉嘎,,好巧噢/好巧/世界真小,it`s a small world,,,,,CanTong Lexicon 2025,
L196,好耶,hou2 je5,好嘢；掂吖；正,,太好了,I`m on cloud nine,,,,,CanTong Lexicon 2025,
L197,眼㾓,ngaan5 jyun1,眼冤,,看不顺眼/感到讨厌/感到反感,,,to feel dislike or disgust for something one sees,,,CanTong Lexicon 2025,
L198,山旮旯,saan1 kaa1 laa1,隔涉；山卡啦；山卡罅；山旯旮,,荒芜/偏僻/偏僻的地方/很偏僻/偏远,remote/backwoods/wild/out of the way,形容词：一個​地方​偏远​、​荒芜​、没人去的郊区偏僻的地方,,,,CanTong Lexicon 2025,
L199,䟴脚,ngan3 goek3,扤腳；un腳；印腳；歎世界,,抖腿/抖脚/享受生活,to shake one's leg/to enjoy life/shake one's leg,,,,,CanTong Lexicon 2025,
L200,嘆世界,taan3 sai3 gaai3,歎世界,,"享受生活/享受人生/享福/享清福
",to enjoy life/enjoy life/enjoy,,enjoying like going round the world,,,CanTong Lexicon 2025,
L201,俹簁,naa2 sai1,"大意, 潦草, 馬虎, 疏忽, 粗心, 邋糊",,随意/不上心/马虎/疏忽/粗心,careless/sloppy/slapdash/slipshod/,,,,,CanTong Lexicon 2025,
L202,的式,dik1 sik1,趣​緻​；菂薂；的骰,,小巧玲珑/精致,petite/diminutive/cute and small,指​物件​细小​又精美​,,,,CanTong Lexicon 2025,
L203,奄尖,jim1 zim1,揀擇,,挑剔/腌尖/难以取悦,fussy/picky/fastidious/choosy/hard to please,,,,,CanTong Lexicon 2025,
L204,水蛇春咁長,seoi2 se4 ceon1 gam3 coeng4,,,超长/超级长,extremely long or lengthy,形容词：比喻超级长的意思,"adj: Cantonese, of a list, usually",,,CanTong Lexicon 2025,
L205,有風駛盡𢃇,jau5 fung1 sai2 zeon6 lei5,有風駛盡你,,极限压榨/有风驶尽你,,人做事不留余地，持势凌人,,,,CanTong Lexicon 2025,
L206,禾稈冚珍珠,wo4 gon2 kam2 zan1 zyu1,,,人不可貌相,,外表看似普通。但暗藏玄机或者实力不容忽视,,比较常形容人装穷，明明富裕也装穷,,CanTong Lexicon 2025,
L207,識趣,sik1 ceoi3,,,识趣,,,,,,CanTong Lexicon 2025,
L208,闷閪,mun6 hai1,,,闷骚,Surprise package/Man show,,,,,CanTong Lexicon 2025,
L209,挐掕,laa1 lang3,挐褦；​關​係；拿掕,,瓜葛/啦㨢/啦掕/关系/关联/啦能,linkage/relation,名词：(古义用绳索勒住马时期停止) 引申互相牵连，关联，瓜葛,"Noun: (archaic meaning: to stop the period when a horse is restrained by a rope) Extended meaning: interconnected, related, entangled","冇挐挐，多笪𤶸
     我挐你讲",,CanTong Lexicon 2025,
L210,唔啱偈,m4 ngam1 gei2,,,合不来/道不同不相为谋,,,,,,CanTong Lexicon 2025,
L211,一揪二掕, jat1 cau1 ji6 lang3 ,,,一抽二掕,,形容词：拎着很多装满东西的袋子，字面意思是，拉着一个，拖着另外两个。,"adj: carrying a lot of filled bags, literally, pulling one, and dragging two others",,,CanTong Lexicon 2025,
,涮牛肉,saan3 ngau4 juk6,,,,,,,,,CanTong Lexicon 2025,
,滿載而歸,mun5 zoi3 ji4 gwai1,,,,,,,,,CanTong Lexicon 2025,
,堀北真希,fat1 bak1 zan1 hei1,,,,,,,,,CanTong Lexicon 2025,
,心掛掛,sam1 gwaa3 gwaa3,掛住​；​牽腸​掛肚；擔心​；​唔​放心,,想着某人/心挂挂/担心别人,keep thinking/missing/to worry,动词：,to miss someone,用法：一般形容想念人或者担心人,,CanTong Lexicon 2025,
,心思思,sam1 si1 si1,,,渴望/念念不忘,to constantly think about/Longing/Unforgettable,动词：渴望（一种不安的欲望，想要做某事）想念，一直想着某事（副词）,v: itching to (a restless desire to do something); hankering to; longing to; to keep on thinking about something (adverb) to have something at the back of one's mind constantly,用法：一般形容想拥有某样东西却因为某些原因得不到,,CanTong Lexicon 2025,
,心郁郁,sam1 juk1 juk1,,,想去做,Want to do,动词：想去做某事，内心深处有一种想要做某事的念头，这种念头常常因为犹豫不决而被暂时压抑或未能实现。,"v: to have a slight desire, often temporarily repressed or unfulfilled due to indecision, to do something",用法：一般形容想去做却因为某些原因做不了,usage: Generally used to describe doing something but being unable to do it for some reason.,CanTong Lexicon 2025,
,嬲,nau1,,,生气,angry/to get angry/to take offence/to detest,,,,,CanTong Lexicon 2025,
,火滚,fo2 gwan2,㷫,,很生气,maddening/pissed off/irate,,adj: infuriating; maddening; angry; pissed off; irate,,,CanTong Lexicon 2025,
,嬲爆爆,nau1 baau3 baau3,㷫烚烚,,非常生气/嫐爆爆,furious/enraged/infuriated,,,,,CanTong Lexicon 2025,
,㷫過辣雞,hing3 gwo3 naat3 gai1,㷫過火屎；㷫過焫雞,,超级无敌生气/兴过辣鸡/兴过火屎,furious/fuming/very angry/extremely angry,,,,,CanTong Lexicon 2025,
,吹脹,ceoi1 zoeng3,,,气死/吹胀,to blow up/to exasperate/to irritate,,"adj: Frustrated, pissed off because of being annoyed",使某人感到荒谬，使人感到羞耻,,CanTong Lexicon 2025,
,㷫烚烚,hing3 hap6 hap6,,,兴奋/热烘烘,very hot/so hot,,,,,,
,符弗,fu4 fit1,計仔；符fit；板斧；辦法,,方法；办法,method/tricks ,名词：古时候道士重要的法器是道符和太极拂，如果都没有了就就没办法了，现在解读为解决问题的方法，绝招,"n: In ancient times, the most important ritual implements for Taoist priests were talismans and the Tai Chi whisk. Without either, there was no way to resolve the situation. Now, it is interpreted as a method or ultimate technique for solving a problem.",,,CanTong Lexicon 2025,
,冇晒符,mou5 saai3 fu4,冇計；冇晒符弗,,没办法/没办法了/毫无办法,,,,,,CanTong Lexicon 2025,
,煞食,saat3 sik6,犀利,,厉害/在行,,形容词：在行,,,,CanTong Lexicon 2025,
,抽秤,cau1 cing3,挑刺,,抽称/挑刺/挑毛病,,,,,,CanTong Lexicon 2025,
,,,,,中招/踩坑,get stung/step on a mine/it was a letdown/it`s a miss/,,,,,CanTong Lexicon 2025,
,,,,,,,,,,,CanTong Lexicon 2025,
,,,,,,,,,,,CanTong Lexicon 2025,
,,,,,,,,,,,CanTong Lexicon 2025,
,,,,,,,,,,,CanTong Lexicon 2025,
,,,,,,,,,,,CanTong Lexicon 2025,
,,,,,,,,,,,CanTong Lexicon 2025,
,,,,,,,,,,,CanTong Lexicon 2025,
,,,,,,,,,,,CanTong Lexicon 2025,
